{"provides":{"Log::Contextual::Router":{"file":"Log/Contextual/Router.pm"},"Log::Contextual::TeeLogger":{"file":"Log/Contextual/TeeLogger.pm"},"Log::Contextual::Role::Router::WithLogger":{"file":"Log/Contextual/Role/Router/WithLogger.pm"},"Log::Contextual::Role::Router::SetLogger":{"file":"Log/Contextual/Role/Router/SetLogger.pm"},"Log::Contextual::Role::Router":{"file":"Log/Contextual/Role/Router.pm"},"Log::Contextual::SimpleLogger":{"file":"Log/Contextual/SimpleLogger.pm"},"Log::Contextual":{"version":"0.005003","file":"Log/Contextual.pm"},"Log::Contextual::WarnLogger":{"file":"Log/Contextual/WarnLogger.pm"}},"target":"Log::Contextual","version":"0.005003","name":"Log::Contextual","dist":"Log-Contextual-0.005003","pathname":"F/FR/FREW/Log-Contextual-0.005003.tar.gz"}