{"provides":{"Exporter::Declare::Export":{"file":"Exporter/Declare/Export.pm"},"Exporter::Declare::Export::Variable":{"file":"Exporter/Declare/Export/Variable.pm"},"Exporter::Declare::Export::Generator":{"file":"Exporter/Declare/Export/Generator.pm"},"Exporter::Declare::Specs":{"file":"Exporter/Declare/Specs.pm"},"Exporter::Declare":{"version":"0.112","file":"Exporter/Declare.pm"},"Exporter::Declare::Export::Alias":{"file":"Exporter/Declare/Export/Alias.pm"},"Exporter::Declare::Export::Sub":{"file":"Exporter/Declare/Export/Sub.pm"},"Exporter::Declare::Meta":{"file":"Exporter/Declare/Meta.pm"}},"target":"Exporter::Declare","version":"0.112","name":"Exporter::Declare","dist":"Exporter-Declare-0.112","pathname":"E/EX/EXODIST/Exporter-Declare-0.112.tar.gz"}