{
   "abstract" : "Exporting done right",
   "author" : [
      "Chad Granum <exodist7@gmail.com>"
   ],
   "dynamic_config" : 0,
   "generated_by" : "Module::Build version 0.4003, CPAN::Meta::Converter version 2.120921",
   "license" : [
      "perl_5"
   ],
   "meta-spec" : {
      "url" : "http://search.cpan.org/perldoc?CPAN::Meta::Spec",
      "version" : "2"
   },
   "name" : "Exporter-Declare",
   "prereqs" : {
      "build" : {
         "requires" : {
            "Fennec::Lite" : "0.004",
            "Test::Exception" : "0.29",
            "Test::Simple" : "0.88"
         }
      },
      "configure" : {
         "requires" : {
            "Module::Build" : "0.40"
         }
      },
      "runtime" : {
         "requires" : {
            "Carp" : "0",
            "Meta::Builder" : "0.003",
            "Scalar::Util" : "0",
            "aliased" : "0",
            "perl" : "v5.8.0"
         }
      }
   },
   "provides" : {
      "Exporter::Declare" : {
         "file" : "lib/Exporter/Declare.pm",
         "version" : "0.112"
      },
      "Exporter::Declare::Export" : {
         "file" : "lib/Exporter/Declare/Export.pm",
         "version" : "0"
      },
      "Exporter::Declare::Export::Alias" : {
         "file" : "lib/Exporter/Declare/Export/Alias.pm",
         "version" : "0"
      },
      "Exporter::Declare::Export::Generator" : {
         "file" : "lib/Exporter/Declare/Export/Generator.pm",
         "version" : "0"
      },
      "Exporter::Declare::Export::Sub" : {
         "file" : "lib/Exporter/Declare/Export/Sub.pm",
         "version" : "0"
      },
      "Exporter::Declare::Export::Variable" : {
         "file" : "lib/Exporter/Declare/Export/Variable.pm",
         "version" : "0"
      },
      "Exporter::Declare::Meta" : {
         "file" : "lib/Exporter/Declare/Meta.pm",
         "version" : "0"
      },
      "Exporter::Declare::Specs" : {
         "file" : "lib/Exporter/Declare/Specs.pm",
         "version" : "0"
      }
   },
   "release_status" : "stable",
   "resources" : {
      "bugtracker" : {
         "web" : "http://github.com/exodist/Exporter-Declare/issues"
      },
      "homepage" : "http://open-exodus.net/projects/Exporter-Declare",
      "license" : [
         "http://dev.perl.org/licenses/"
      ],
      "repository" : {
         "url" : "http://github.com/exodist/Exporter-Declare"
      }
   },
   "version" : "0.112"
}
