{
   "abstract" : "unknown",
   "author" : [
      "unknown"
   ],
   "dynamic_config" : 0,
   "generated_by" : "ExtUtils::MakeMaker version 6.64, CPAN::Meta::Converter version 2.130880, CPAN::Meta::Converter version 2.120921",
   "license" : [
      "perl_5"
   ],
   "meta-spec" : {
      "url" : "http://search.cpan.org/perldoc?CPAN::Meta::Spec",
      "version" : "2"
   },
   "name" : "Devel-GlobalDestruction",
   "no_index" : {
      "directory" : [
         "t",
         "inc"
      ]
   },
   "prereqs" : {
      "build" : {
         "requires" : {
            "ExtUtils::MakeMaker" : "0"
         }
      },
      "configure" : {
         "requires" : {
            "ExtUtils::CBuilder" : "0.27"
         }
      },
      "runtime" : {
         "requires" : {
            "Sub::Exporter::Progressive" : "0.001006",
            "perl" : "5.006"
         }
      }
   },
   "release_status" : "stable",
   "resources" : {
      "bugtracker" : {
         "web" : "http://rt.cpan.org/Public/Dist/Display.html?Name=Devel-GlobalDestruction"
      },
      "homepage" : "http://search.cpan.org/dist/Devel-GlobalDestruction",
      "repository" : {
         "type" : "git",
         "url" : "git://git.shadowcat.co.uk/p5sagit/Devel-GlobalDestruction.git"
      }
   },
   "version" : "0.11"
}
