{
   "abstract" : "represent an operation awaiting completion",
   "author" : [
      "Paul Evans <leonerd@leonerd.org.uk>"
   ],
   "dynamic_config" : 0,
   "generated_by" : "Module::Build version 0.4005, CPAN::Meta::Converter version 2.120921",
   "license" : [
      "perl_5"
   ],
   "meta-spec" : {
      "url" : "http://search.cpan.org/perldoc?CPAN::Meta::Spec",
      "version" : "2"
   },
   "name" : "Future",
   "prereqs" : {
      "build" : {
         "requires" : {
            "Test::Fatal" : "0",
            "Test::Identity" : "0",
            "Test::More" : "0.88",
            "Test::Refcount" : "0",
            "Test::Warn" : "0"
         }
      }
   },
   "provides" : {
      "Future" : {
         "file" : "lib/Future.pm",
         "version" : "0.13"
      },
      "Future::Utils" : {
         "file" : "lib/Future/Utils.pm",
         "version" : "0.13"
      }
   },
   "release_status" : "stable",
   "resources" : {
      "license" : [
         "http://dev.perl.org/licenses/"
      ]
   },
   "version" : "0.13"
}
