{
   "abstract" : "Less indentation and newlines plus sub deparsing",
   "author" : [
      "mst - Matt S. Trout <mst@shadowcat.co.uk>"
   ],
   "dynamic_config" : 0,
   "generated_by" : "Module::Install version 1.00, CPAN::Meta::Converter version 2.120921",
   "license" : [
      "perl_5"
   ],
   "meta-spec" : {
      "url" : "http://search.cpan.org/perldoc?CPAN::Meta::Spec",
      "version" : "2"
   },
   "name" : "Data-Dumper-Concise",
   "no_index" : {
      "directory" : [
         "inc",
         "t"
      ]
   },
   "prereqs" : {
      "build" : {
         "requires" : {
            "ExtUtils::MakeMaker" : "6.42"
         }
      },
      "configure" : {
         "requires" : {
            "ExtUtils::MakeMaker" : "6.42"
         }
      },
      "runtime" : {
         "requires" : {
            "perl" : "5.006"
         }
      }
   },
   "release_status" : "stable",
   "resources" : {
      "license" : [
         "http://dev.perl.org/licenses/"
      ]
   },
   "version" : "2.020",
   "x_module_name" : "Data::Dumper::Concise"
}
