{"provides":{"CPAN::Meta::Feature":{"version":"2.130880","file":"CPAN/Meta/Feature.pm"},"CPAN::Meta::History":{"version":"2.130880","file":"CPAN/Meta/History.pm"},"CPAN::Meta::Converter":{"version":"2.130880","file":"CPAN/Meta/Converter.pm"},"CPAN::Meta::Spec":{"version":"2.130880","file":"CPAN/Meta/Spec.pm"},"CPAN::Meta::Validator":{"version":"2.130880","file":"CPAN/Meta/Validator.pm"},"CPAN::Meta":{"version":"2.130880","file":"CPAN/Meta.pm"},"CPAN::Meta::Prereqs":{"version":"2.130880","file":"CPAN/Meta/Prereqs.pm"}},"target":"CPAN::Meta","version":"2.130880","name":"CPAN::Meta","dist":"CPAN-Meta-2.130880","pathname":"D/DA/DAGOLDEN/CPAN-Meta-2.130880.tar.gz"}