{
   "abstract" : "A pragma to use the C3 method resolution order algortihm",
   "author" : [
      "Stevan Little, <stevan@iinteractive.com>"
   ],
   "dynamic_config" : 0,
   "generated_by" : "Module::Install version 1.06, CPAN::Meta::Converter version 2.120921",
   "license" : [
      "perl_5"
   ],
   "meta-spec" : {
      "url" : "http://search.cpan.org/perldoc?CPAN::Meta::Spec",
      "version" : "2"
   },
   "name" : "Class-C3",
   "no_index" : {
      "directory" : [
         "inc",
         "t"
      ]
   },
   "prereqs" : {
      "build" : {
         "requires" : {
            "ExtUtils::MakeMaker" : "6.59",
            "Test::More" : "0.47"
         }
      },
      "configure" : {
         "requires" : {
            "ExtUtils::CBuilder" : "0.27",
            "ExtUtils::MakeMaker" : "6.59"
         }
      },
      "runtime" : {
         "requires" : {
            "Algorithm::C3" : "0.07",
            "Scalar::Util" : "0",
            "perl" : "5.006002"
         }
      }
   },
   "release_status" : "stable",
   "resources" : {
      "license" : [
         "http://dev.perl.org/licenses/"
      ]
   },
   "version" : "0.24"
}
