{"provides":{"Moo::HandleMoose::FakeConstructor":{"file":"Moo/HandleMoose.pm"},"Moo::HandleMoose::FakeMetaClass":{"file":"Moo/HandleMoose/FakeMetaClass.pm"},"Method::Generate::BuildAll":{"file":"Method/Generate/BuildAll.pm"},"Sub::Defer":{"file":"Sub/Defer.pm"},"Moo":{"version":"1.002000","file":"Moo.pm"},"Method::Generate::Constructor":{"file":"Method/Generate/Constructor.pm"},"Moo::Role":{"file":"Moo/Role.pm"},"Sub::Quote":{"file":"Sub/Quote.pm"},"Method::Generate::DemolishAll":{"file":"Method/Generate/DemolishAll.pm"},"Moo::Object":{"file":"Moo/Object.pm"},"Moo::sification":{"file":"Moo/sification.pm"},"oo":{"file":"oo.pm"},"Method::Inliner":{"file":"Method/Inliner.pm"},"Moo::HandleMoose":{"file":"Moo/HandleMoose.pm"},"Method::Generate::Accessor":{"file":"Method/Generate/Accessor.pm"}},"target":"Moo","version":"1.002000","name":"Moo","dist":"Moo-1.002000","pathname":"M/MS/MSTROUT/Moo-1.002000.tar.gz"}