{
   "abstract" : "Minimalist Object Orientation (with Moose compatibility)",
   "author" : [
      "mst - Matt S. Trout (cpan:MSTROUT) <mst@shadowcat.co.uk>"
   ],
   "dynamic_config" : 0,
   "generated_by" : "ExtUtils::MakeMaker version 6.62, CPAN::Meta::Converter version 2.120921",
   "license" : [
      "perl_5"
   ],
   "meta-spec" : {
      "url" : "http://search.cpan.org/perldoc?CPAN::Meta::Spec",
      "version" : "2"
   },
   "name" : "Moo",
   "no_index" : {
      "directory" : [
         "t",
         "inc",
         "xt"
      ]
   },
   "prereqs" : {
      "build" : {
         "requires" : {}
      },
      "configure" : {
         "requires" : {
            "ExtUtils::MakeMaker" : "0"
         }
      },
      "runtime" : {
         "requires" : {
            "Class::Method::Modifiers" : "1.1",
            "Devel::GlobalDestruction" : "0.11",
            "Module::Runtime" : "0.012",
            "Role::Tiny" : "1.002004",
            "strictures" : "1.004003"
         }
      },
      "test" : {
         "requires" : {
            "Test::Fatal" : "0.003",
            "Test::More" : "0.96"
         }
      }
   },
   "release_status" : "stable",
   "resources" : {
      "bugtracker" : {
         "web" : "http://rt.cpan.org/NoAuth/Bugs.html?Dist=Moo"
      },
      "license" : [
         "http://dev.perl.org/licenses/"
      ],
      "repository" : {
         "type" : "git",
         "url" : "git://git.shadowcat.co.uk/gitmo/Moo.git"
      },
      "x_IRC" : "irc://irc.perl.org/#moose"
   },
   "version" : "1.002000"
}
