{
   "abstract" : "unknown",
   "author" : [
      "unknown"
   ],
   "dynamic_config" : 0,
   "generated_by" : "ExtUtils::MakeMaker version 6.6302, CPAN::Meta::Converter version 2.120921",
   "license" : [
      "unknown"
   ],
   "meta-spec" : {
      "url" : "http://search.cpan.org/perldoc?CPAN::Meta::Spec",
      "version" : "2"
   },
   "name" : "Try-Tiny",
   "no_index" : {
      "directory" : [
         "t",
         "inc"
      ]
   },
   "prereqs" : {
      "build" : {
         "requires" : {
            "ExtUtils::MakeMaker" : "0"
         }
      },
      "configure" : {
         "requires" : {
            "ExtUtils::MakeMaker" : "0"
         }
      },
      "runtime" : {
         "requires" : {
            "Test::More" : "0"
         }
      }
   },
   "release_status" : "stable",
   "resources" : {
      "homepage" : "https://github.com/doy/try-tiny.git",
      "repository" : {
         "type" : "git",
         "url" : "git://github.com/doy/try-tiny.git"
      }
   },
   "version" : "0.12"
}
