{
   "abstract" : "Build and install Perl modules",
   "author" : [
      "Ken Williams <kwilliams@cpan.org>",
      "Module-Build mailing list at <module-build@perl.org>."
   ],
   "dynamic_config" : 0,
   "generated_by" : "Module::Build version 0.4005, CPAN::Meta::Converter version 2.120921",
   "license" : [
      "perl_5"
   ],
   "meta-spec" : {
      "url" : "http://search.cpan.org/perldoc?CPAN::Meta::Spec",
      "version" : "2"
   },
   "name" : "Module-Build",
   "prereqs" : {
      "build" : {
         "requires" : {
            "CPAN::Meta::YAML" : "0.003",
            "File::Temp" : "0.15",
            "Parse::CPAN::Meta" : "1.4401",
            "Test::Harness" : "3.16",
            "Test::More" : "0.49"
         }
      },
      "runtime" : {
         "recommends" : {
            "ExtUtils::Install" : "0.3",
            "ExtUtils::Manifest" : "1.54"
         },
         "requires" : {
            "CPAN::Meta" : "2.110420",
            "Cwd" : "0",
            "Data::Dumper" : "0",
            "ExtUtils::CBuilder" : "0.27",
            "ExtUtils::Install" : "0",
            "ExtUtils::Manifest" : "0",
            "ExtUtils::Mkbootstrap" : "0",
            "ExtUtils::ParseXS" : "2.21",
            "File::Basename" : "0",
            "File::Compare" : "0",
            "File::Copy" : "0",
            "File::Find" : "0",
            "File::Path" : "0",
            "File::Spec" : "0.82",
            "Getopt::Long" : "0",
            "IO::File" : "0",
            "Module::Metadata" : "1.000002",
            "Perl::OSType" : "1",
            "Test::Harness" : "0",
            "Text::Abbrev" : "0",
            "Text::ParseWords" : "0",
            "perl" : "5.006001",
            "version" : "0.87"
         }
      }
   },
   "provides" : {
      "Module::Build" : {
         "file" : "lib/Module/Build.pm",
         "version" : "0.4005"
      },
      "Module::Build::Base" : {
         "file" : "lib/Module/Build/Base.pm",
         "version" : "0.4005"
      },
      "Module::Build::Compat" : {
         "file" : "lib/Module/Build/Compat.pm",
         "version" : "0.4005"
      },
      "Module::Build::Config" : {
         "file" : "lib/Module/Build/Config.pm",
         "version" : "0.4005"
      },
      "Module::Build::Cookbook" : {
         "file" : "lib/Module/Build/Cookbook.pm",
         "version" : "0.4005"
      },
      "Module::Build::Dumper" : {
         "file" : "lib/Module/Build/Dumper.pm",
         "version" : "0.4005"
      },
      "Module::Build::ModuleInfo" : {
         "file" : "lib/Module/Build/ModuleInfo.pm",
         "version" : "0.4005"
      },
      "Module::Build::Notes" : {
         "file" : "lib/Module/Build/Notes.pm",
         "version" : "0.4005"
      },
      "Module::Build::PPMMaker" : {
         "file" : "lib/Module/Build/PPMMaker.pm",
         "version" : "0.4005"
      },
      "Module::Build::Platform::Amiga" : {
         "file" : "lib/Module/Build/Platform/Amiga.pm",
         "version" : "0.4005"
      },
      "Module::Build::Platform::Default" : {
         "file" : "lib/Module/Build/Platform/Default.pm",
         "version" : "0.4005"
      },
      "Module::Build::Platform::EBCDIC" : {
         "file" : "lib/Module/Build/Platform/EBCDIC.pm",
         "version" : "0.4005"
      },
      "Module::Build::Platform::MPEiX" : {
         "file" : "lib/Module/Build/Platform/MPEiX.pm",
         "version" : "0.4005"
      },
      "Module::Build::Platform::MacOS" : {
         "file" : "lib/Module/Build/Platform/MacOS.pm",
         "version" : "0.4005"
      },
      "Module::Build::Platform::RiscOS" : {
         "file" : "lib/Module/Build/Platform/RiscOS.pm",
         "version" : "0.4005"
      },
      "Module::Build::Platform::Unix" : {
         "file" : "lib/Module/Build/Platform/Unix.pm",
         "version" : "0.4005"
      },
      "Module::Build::Platform::VMS" : {
         "file" : "lib/Module/Build/Platform/VMS.pm",
         "version" : "0.4005"
      },
      "Module::Build::Platform::VOS" : {
         "file" : "lib/Module/Build/Platform/VOS.pm",
         "version" : "0.4005"
      },
      "Module::Build::Platform::Windows" : {
         "file" : "lib/Module/Build/Platform/Windows.pm",
         "version" : "0.4005"
      },
      "Module::Build::Platform::aix" : {
         "file" : "lib/Module/Build/Platform/aix.pm",
         "version" : "0.4005"
      },
      "Module::Build::Platform::cygwin" : {
         "file" : "lib/Module/Build/Platform/cygwin.pm",
         "version" : "0.4005"
      },
      "Module::Build::Platform::darwin" : {
         "file" : "lib/Module/Build/Platform/darwin.pm",
         "version" : "0.4005"
      },
      "Module::Build::Platform::os2" : {
         "file" : "lib/Module/Build/Platform/os2.pm",
         "version" : "0.4005"
      },
      "Module::Build::PodParser" : {
         "file" : "lib/Module/Build/PodParser.pm",
         "version" : "0.4005"
      },
      "Module::Build::Version" : {
         "file" : "lib/Module/Build/Version.pm",
         "version" : "0.87"
      },
      "Module::Build::YAML" : {
         "file" : "lib/Module/Build/YAML.pm",
         "version" : "1.41"
      },
      "inc::latest" : {
         "file" : "lib/inc/latest.pm",
         "version" : "0.4005"
      },
      "inc::latest::private" : {
         "file" : "lib/inc/latest/private.pm",
         "version" : "0.4005"
      }
   },
   "release_status" : "stable",
   "resources" : {
      "license" : [
         "http://dev.perl.org/licenses/"
      ],
      "repository" : {
         "url" : "https://github.com/Perl-Toolchain-Gang/Module-Build"
      },
      "x_MailingList" : "mailto:module-build@perl.org"
   },
   "version" : "0.4005"
}
