{"provides":{"MY":{"file":"ExtUtils/MY.pm"},"ExtUtils::MM_VMS":{"version":"6.66","file":"ExtUtils/MM_VMS.pm"},"ExtUtils::MM_DOS":{"version":"6.66","file":"ExtUtils/MM_DOS.pm"},"ExtUtils::MY":{"version":"6.66","file":"ExtUtils/MY.pm"},"ExtUtils::MM_MacOS":{"version":"6.66","file":"ExtUtils/MM_MacOS.pm"},"ExtUtils::MM_Cygwin":{"version":"6.66","file":"ExtUtils/MM_Cygwin.pm"},"ExtUtils::MM":{"version":"6.66","file":"ExtUtils/MM.pm"},"MM":{"file":"ExtUtils/MM.pm"},"ExtUtils::Liblist::Kid":{"version":"6.66","file":"ExtUtils/Liblist/Kid.pm"},"ExtUtils::MM_OS2":{"version":"6.66","file":"ExtUtils/MM_OS2.pm"},"ExtUtils::MM_UWIN":{"version":"6.66","file":"ExtUtils/MM_UWIN.pm"},"DynaLoader":{"file":"ExtUtils/Mkbootstrap.pm"},"ExtUtils::Mksymlists":{"version":"6.66","file":"ExtUtils/Mksymlists.pm"},"ExtUtils::MM_NW5":{"version":"6.66","file":"ExtUtils/MM_NW5.pm"},"ExtUtils::Manifest":{"version":"1.60","file":"ExtUtils/Manifest.pm"},"ExtUtils::MM_Win95":{"version":"6.66","file":"ExtUtils/MM_Win95.pm"},"ExtUtils::MakeMaker::Config":{"version":"6.66","file":"ExtUtils/MakeMaker/Config.pm"},"ExtUtils::MM_QNX":{"version":"6.66","file":"ExtUtils/MM_QNX.pm"},"ExtUtils::MM_Unix":{"version":"6.66","file":"ExtUtils/MM_Unix.pm"},"ExtUtils::MM_Darwin":{"version":"6.66","file":"ExtUtils/MM_Darwin.pm"},"ExtUtils::MakeMaker":{"version":"6.66","file":"ExtUtils/MakeMaker.pm"},"ExtUtils::MM_VOS":{"version":"6.66","file":"ExtUtils/MM_VOS.pm"},"ExtUtils::MM_Win32":{"version":"6.66","file":"ExtUtils/MM_Win32.pm"},"ExtUtils::testlib":{"version":"6.66","file":"ExtUtils/testlib.pm"},"ExtUtils::MM_AIX":{"version":"6.66","file":"ExtUtils/MM_AIX.pm"},"ExtUtils::Command::MM":{"version":"6.66","file":"ExtUtils/Command/MM.pm"},"ExtUtils::Liblist":{"version":"6.66","file":"ExtUtils/Liblist.pm"},"ExtUtils::MM_BeOS":{"version":"6.66","file":"ExtUtils/MM_BeOS.pm"},"ExtUtils::Mkbootstrap":{"version":"6.66","file":"ExtUtils/Mkbootstrap.pm"},"ExtUtils::MM_Any":{"version":"6.66","file":"ExtUtils/MM_Any.pm"}},"target":"ExtUtils::MakeMaker","version":"6.66","name":"ExtUtils::MakeMaker","dist":"ExtUtils-MakeMaker-6.66","pathname":"B/BI/BINGOS/ExtUtils-MakeMaker-6.66.tar.gz"}