{
   "abstract" : "Use shorter versions of class names.",
   "author" : [
      "Curtis \"Ovid\" Poe <ovid@cpan.org>"
   ],
   "dynamic_config" : 0,
   "generated_by" : "Module::Build version 0.4005, CPAN::Meta::Converter version 2.120921",
   "license" : [
      "perl_5"
   ],
   "meta-spec" : {
      "url" : "http://search.cpan.org/perldoc?CPAN::Meta::Spec",
      "version" : "2"
   },
   "name" : "aliased",
   "prereqs" : {
      "build" : {
         "requires" : {
            "Test::More" : "0"
         }
      },
      "configure" : {
         "requires" : {
            "Module::Build" : "0.40"
         }
      }
   },
   "provides" : {
      "aliased" : {
         "file" : "lib/aliased.pm",
         "version" : "0.31"
      }
   },
   "release_status" : "stable",
   "resources" : {
      "license" : [
         "http://dev.perl.org/licenses/"
      ]
   },
   "version" : "0.31"
}
