{
   "abstract" : "runtime module handling",
   "author" : [
      "Andrew Main (Zefram) <zefram@fysh.org>"
   ],
   "dynamic_config" : 0,
   "generated_by" : "Module::Build version 0.4003, CPAN::Meta::Converter version 2.120921",
   "license" : [
      "perl_5"
   ],
   "meta-spec" : {
      "url" : "http://search.cpan.org/perldoc?CPAN::Meta::Spec",
      "version" : "2"
   },
   "name" : "Module-Runtime",
   "prereqs" : {
      "build" : {
         "requires" : {
            "Module::Build" : "0",
            "Test::More" : "0",
            "perl" : "5.006",
            "strict" : "0",
            "warnings" : "0"
         }
      },
      "configure" : {
         "requires" : {
            "Module::Build" : "0",
            "perl" : "5.006",
            "strict" : "0",
            "warnings" : "0"
         }
      },
      "runtime" : {
         "requires" : {
            "perl" : "5.006"
         }
      }
   },
   "provides" : {
      "Module::Runtime" : {
         "file" : "lib/Module/Runtime.pm",
         "version" : "0.013"
      }
   },
   "release_status" : "stable",
   "resources" : {
      "license" : [
         "http://dev.perl.org/licenses/"
      ]
   },
   "version" : "0.013"
}
