{"provides":{"Object::Remote::Connector::STDIO":{"file":"Object/Remote/Connector/STDIO.pm"},"Object::Remote::Future":{"file":"Object/Remote/Future.pm"},"Object::Remote":{"version":"0.003002","file":"Object/Remote.pm"},"Object::Remote::Null":{"file":"Object/Remote/Null.pm"},"Object::Remote::Logging::LogAnyInjector":{"file":"Object/Remote/Logging/LogAnyInjector.pm"},"Object::Remote::Logging::Router":{"file":"Object/Remote/Logging/Router.pm"},"Object::Remote::Role::Connector::PerlInterpreter":{"file":"Object/Remote/Role/Connector/PerlInterpreter.pm"},"Object::Remote::Proxy":{"file":"Object/Remote/Proxy.pm"},"Object::Remote::GlobProxy":{"file":"Object/Remote/GlobProxy.pm"},"Object::Remote::Connector::UNIX":{"file":"Object/Remote/Connector/UNIX.pm"},"Object::Remote::Logging::Logger":{"file":"Object/Remote/Logging/Logger.pm"},"Object::Remote::Prompt":{"file":"Object/Remote/Prompt.pm"},"Object::Remote::Connector::SSH":{"file":"Object/Remote/Connector/SSH.pm"},"Object::Remote::Logging::TestLogger":{"file":"Object/Remote/Logging/TestLogger.pm"},"Object::Remote::FatNode":{"file":"Object/Remote/FatNode.pm"},"start":{"file":"Object/Remote/Future.pm"},"Object::Remote::GlobContainer":{"file":"Object/Remote/GlobContainer.pm"},"Object::Remote::MiniLoop":{"file":"Object/Remote/MiniLoop.pm"},"Object::Remote::Connector::LocalSudo":{"file":"Object/Remote/Connector/LocalSudo.pm"},"Object::Remote::Logging":{"file":"Object/Remote/Logging.pm"},"Object::Remote::CodeContainer":{"file":"Object/Remote/CodeContainer.pm"},"maybe::start":{"file":"Object/Remote/Future.pm"},"Object::Remote::FromData":{"file":"Object/Remote/FromData.pm"},"Object::Remote::ConnectionServer":{"file":"Object/Remote/ConnectionServer.pm"},"Object::Remote::Connector::Local":{"file":"Object/Remote/Connector/Local.pm"},"Object::Remote::Handle":{"file":"Object/Remote/Handle.pm"},"Object::Remote::ModuleLoader::Hook":{"file":"Object/Remote/ModuleLoader.pm"},"Object::Remote::ModuleLoader":{"file":"Object/Remote/ModuleLoader.pm"},"Object::Remote::Role::Connector":{"file":"Object/Remote/Role/Connector.pm"},"maybe":{"file":"Object/Remote/Future.pm"},"Object::Remote::ModuleSender":{"file":"Object/Remote/ModuleSender.pm"},"Object::Remote::Role::LogForwarder":{"file":"Object/Remote/Role/LogForwarder.pm"},"Object::Remote::ReadChannel":{"file":"Object/Remote/ReadChannel.pm"},"Object::Remote::Connection":{"file":"Object/Remote/Connection.pm"},"then":{"file":"Object/Remote/Future.pm"},"Object::Remote::Node":{"file":"Object/Remote/Node.pm"},"Object::Remote::WatchDog":{"file":"Object/Remote/WatchDog.pm"},"Object::Remote::Tied":{"file":"Object/Remote/Tied.pm"}},"target":"Object::Remote","version":"0.003002","name":"Object::Remote","dist":"Object-Remote-0.003002","pathname":"M/MS/MSTROUT/Object-Remote-0.003002.tar.gz"}