{
   "abstract" : "Map Perl operating system names to generic types",
   "author" : [
      "David Golden <dagolden@cpan.org>"
   ],
   "dynamic_config" : 0,
   "generated_by" : "Dist::Zilla version 4.300031, CPAN::Meta::Converter version 2.120921, CPAN::Meta::Converter version 2.130880",
   "license" : [
      "perl_5"
   ],
   "meta-spec" : {
      "url" : "http://search.cpan.org/perldoc?CPAN::Meta::Spec",
      "version" : "2"
   },
   "name" : "Perl-OSType",
   "no_index" : {
      "directory" : [
         "t",
         "xt",
         "examples",
         "corpus"
      ],
      "package" : [
         "DB"
      ]
   },
   "prereqs" : {
      "build" : {
         "requires" : {
            "ExtUtils::MakeMaker" : "0",
            "File::Find" : "0",
            "File::Spec::Functions" : "0",
            "File::Temp" : "0",
            "List::Util" : "0",
            "Test::More" : "0.88",
            "constant" : "0"
         }
      },
      "configure" : {
         "requires" : {
            "ExtUtils::MakeMaker" : "6.30"
         }
      },
      "develop" : {
         "requires" : {
            "Pod::Coverage::TrustPod" : "0",
            "Test::CPAN::Meta" : "0",
            "Test::Pod" : "1.41",
            "Test::Pod::Coverage" : "1.08"
         }
      },
      "runtime" : {
         "requires" : {
            "Exporter" : "0",
            "strict" : "0",
            "warnings" : "0"
         }
      },
      "test" : {
         "requires" : {
            "ExtUtils::MakeMaker" : "0",
            "File::Find" : "0",
            "File::Spec::Functions" : "0",
            "File::Temp" : "0",
            "List::Util" : "0",
            "Test::More" : "0.88",
            "constant" : "0"
         }
      }
   },
   "provides" : {
      "Perl::OSType" : {
         "file" : "lib/Perl/OSType.pm",
         "version" : "1.003"
      }
   },
   "release_status" : "stable",
   "resources" : {
      "bugtracker" : {
         "web" : "https://github.com/dagolden/perl-ostype/issues"
      },
      "homepage" : "https://metacpan.org/release/Perl-OSType",
      "repository" : {
         "type" : "git",
         "url" : "git://github.com/dagolden/perl-ostype.git",
         "web" : "https://github.com/dagolden/perl-ostype"
      }
   },
   "version" : "1.003",
   "x_contributors" : [
      "Jonas B. Nielsen <jonasbn@hoarfrost.local>",
      "Paul Green <Paul.Green@stratus.com>"
   ]
}
