{
   "abstract" : "Roles. Like a nouvelle cuisine portion size slice of Moose.",
   "author" : [
      "mst - Matt S. Trout (cpan:MSTROUT) <mst@shadowcat.co.uk>"
   ],
   "dynamic_config" : 0,
   "generated_by" : "ExtUtils::MakeMaker version 6.62, CPAN::Meta::Converter version 2.120921",
   "license" : [
      "perl_5"
   ],
   "meta-spec" : {
      "url" : "http://search.cpan.org/perldoc?CPAN::Meta::Spec",
      "version" : "2"
   },
   "name" : "Role-Tiny",
   "no_index" : {
      "directory" : [
         "t",
         "inc",
         "xt"
      ]
   },
   "prereqs" : {
      "build" : {
         "requires" : {
            "Test::Fatal" : "0.003",
            "Test::More" : "0.96"
         }
      },
      "configure" : {
         "requires" : {
            "ExtUtils::MakeMaker" : "0"
         }
      },
      "runtime" : {
         "requires" : {}
      }
   },
   "release_status" : "stable",
   "resources" : {
      "repository" : {
         "type" : "git",
         "url" : "git://git.shadowcat.co.uk/gitmo/Role-Tiny.git"
      }
   },
   "version" : "1.002005"
}
