{
   "abstract" : "turn on strict and make all warnings fatal",
   "author" : [
      "mst - Matt S. Trout (cpan:MSTROUT) <mst@shadowcat.co.uk>"
   ],
   "dynamic_config" : 0,
   "generated_by" : "ExtUtils::MakeMaker version 6.6302, CPAN::Meta::Converter version 2.120921",
   "license" : [
      "perl_5"
   ],
   "meta-spec" : {
      "url" : "http://search.cpan.org/perldoc?CPAN::Meta::Spec",
      "version" : "2"
   },
   "name" : "strictures",
   "no_index" : {
      "directory" : [
         "t",
         "inc"
      ]
   },
   "prereqs" : {
      "build" : {
         "requires" : {
            "ExtUtils::MakeMaker" : "0"
         }
      },
      "configure" : {
         "requires" : {
            "ExtUtils::MakeMaker" : "0"
         }
      },
      "runtime" : {
         "recommends" : {
            "bareword::filehandles" : "0",
            "indirect" : "0",
            "multidimensional" : "0"
         },
         "requires" : {}
      }
   },
   "release_status" : "stable",
   "resources" : {
      "homepage" : "http://git.shadowcat.co.uk/gitweb/gitweb.cgi?p=p5sagit/strictures.git",
      "repository" : {
         "type" : "git",
         "url" : "git://git.shadowcat.co.uk/p5sagit/strictures.git"
      }
   },
   "version" : "1.004004"
}
