{
   "abstract" : "mro::* interface compatibility for Perls < 5.9.5",
   "author" : [
      "Brandon L. Black, <blblack@gmail.com>"
   ],
   "dynamic_config" : 0,
   "generated_by" : "Module::Install version 1.06, CPAN::Meta::Converter version 2.120921",
   "license" : [
      "perl_5"
   ],
   "meta-spec" : {
      "url" : "http://search.cpan.org/perldoc?CPAN::Meta::Spec",
      "version" : "2"
   },
   "name" : "MRO-Compat",
   "no_index" : {
      "directory" : [
         "inc",
         "t"
      ]
   },
   "prereqs" : {
      "build" : {
         "requires" : {
            "ExtUtils::MakeMaker" : "6.59",
            "Test::More" : "0.47"
         }
      },
      "configure" : {
         "requires" : {
            "ExtUtils::MakeMaker" : "6.59"
         }
      },
      "runtime" : {
         "requires" : {
            "perl" : "5.006"
         }
      }
   },
   "provides" : {
      "MRO::Compat" : {
         "file" : "lib/MRO/Compat.pm",
         "version" : "0.12"
      }
   },
   "release_status" : "stable",
   "resources" : {
      "license" : [
         "http://dev.perl.org/licenses/"
      ]
   },
   "version" : "0.12",
   "x_module_name" : "MRO::Compat"
}
