{
   "abstract" : "apparently run a function in a higher stack frame",
   "author" : [
      "Michael Schwern <mschwern@cpan.org>",
      "David Golden <dagolden@cpan.org>"
   ],
   "dynamic_config" : 0,
   "generated_by" : "Dist::Zilla version 4.300005, CPAN::Meta::Converter version 2.112621, CPAN::Meta::Converter version 2.120921",
   "license" : [
      "perl_5"
   ],
   "meta-spec" : {
      "url" : "http://search.cpan.org/perldoc?CPAN::Meta::Spec",
      "version" : "2"
   },
   "name" : "Sub-Uplevel",
   "no_index" : {
      "directory" : [
         "t",
         "xt",
         "examples",
         "corpus"
      ],
      "package" : [
         "DB"
      ]
   },
   "prereqs" : {
      "build" : {
         "requires" : {
            "Exporter" : "0",
            "File::Find" : "0",
            "File::Temp" : "0",
            "Test::More" : "0"
         }
      },
      "configure" : {
         "requires" : {
            "ExtUtils::MakeMaker" : "6.30"
         }
      },
      "runtime" : {
         "requires" : {
            "Carp" : "0",
            "constant" : "0",
            "strict" : "0",
            "warnings" : "0"
         }
      },
      "test" : {
         "requires" : {
            "Exporter" : "0",
            "File::Find" : "0",
            "File::Temp" : "0",
            "Test::More" : "0"
         }
      }
   },
   "provides" : {
      "Sub::Uplevel" : {
         "file" : "lib/Sub/Uplevel.pm",
         "version" : "0.24"
      }
   },
   "release_status" : "stable",
   "resources" : {
      "bugtracker" : {
         "mailto" : "bug-sub-uplevel at rt.cpan.org",
         "web" : "http://rt.cpan.org/Public/Dist/Display.html?Name=Sub-Uplevel"
      },
      "homepage" : "https://github.com/dagolden/sub-uplevel",
      "repository" : {
         "type" : "git",
         "url" : "https://github.com/dagolden/sub-uplevel.git",
         "web" : "https://github.com/dagolden/sub-uplevel"
      }
   },
   "version" : "0.24"
}
