{
   "abstract" : "Gather package and POD information from perl module files",
   "author" : [
      "Ken Williams <kwilliams@cpan.org>, Randy W. Sims <RandyS@ThePierianSpring.org>"
   ],
   "dynamic_config" : 0,
   "generated_by" : "ExtUtils::MakeMaker version 6.6302, CPAN::Meta::Converter version 2.120921",
   "license" : [
      "perl_5"
   ],
   "meta-spec" : {
      "url" : "http://search.cpan.org/perldoc?CPAN::Meta::Spec",
      "version" : "2"
   },
   "name" : "Module-Metadata",
   "no_index" : {
      "directory" : [
         "t",
         "inc"
      ]
   },
   "prereqs" : {
      "build" : {
         "requires" : {
            "ExtUtils::MakeMaker" : "0"
         }
      },
      "configure" : {
         "requires" : {
            "ExtUtils::MakeMaker" : "0"
         }
      },
      "runtime" : {
         "requires" : {
            "Carp" : "0",
            "File::Find" : "0",
            "File::Spec" : "0",
            "IO::File" : "0",
            "strict" : "0",
            "vars" : "0",
            "version" : "0.87",
            "warnings" : "0"
         }
      }
   },
   "release_status" : "stable",
   "resources" : {
      "homepage" : "http://git.shadowcat.co.uk/gitweb/gitweb.cgi?p=p5sagit/Module-Metadata.git",
      "repository" : {
         "type" : "git",
         "url" : "git://git.shadowcat.co.uk/p5sagit/Module-Metadata.git"
      }
   },
   "version" : "1.000014"
}
