{"provides":{"Module::Build::Platform::aix":{"version":"0.4005","file":"Module/Build/Platform/aix.pm"},"Module::Build::Notes":{"version":"0.4005","file":"Module/Build/Notes.pm"},"Module::Build::Dumper":{"version":"0.4005","file":"Module/Build/Dumper.pm"},"Module::Build::Base":{"version":"0.4005","file":"Module/Build/Base.pm"},"inc::latest":{"version":"0.4005","file":"inc/latest.pm"},"Module::Build::Platform::Default":{"version":"0.4005","file":"Module/Build/Platform/Default.pm"},"Module::Build::PodParser":{"version":"0.4005","file":"Module/Build/PodParser.pm"},"inc::latest::private":{"version":"0.4005","file":"inc/latest/private.pm"},"Module::Build::YAML":{"version":"1.41","file":"Module/Build/YAML.pm"},"Module::Build::Config":{"version":"0.4005","file":"Module/Build/Config.pm"},"Module::Build::Platform::Unix":{"version":"0.4005","file":"Module/Build/Platform/Unix.pm"},"Module::Build::Platform::VMS":{"version":"0.4005","file":"Module/Build/Platform/VMS.pm"},"Module::Build::Platform::darwin":{"version":"0.4005","file":"Module/Build/Platform/darwin.pm"},"Module::Build::Platform::EBCDIC":{"version":"0.4005","file":"Module/Build/Platform/EBCDIC.pm"},"Module::Build":{"version":"0.4005","file":"Module/Build.pm"},"Module::Build::Version":{"version":"0.87","file":"Module/Build/Version.pm"},"Module::Build::Platform::Windows":{"version":"0.4005","file":"Module/Build/Platform/Windows.pm"},"Module::Build::Compat":{"version":"0.4005","file":"Module/Build/Compat.pm"},"Module::Build::Platform::MPEiX":{"version":"0.4005","file":"Module/Build/Platform/MPEiX.pm"},"Module::Build::Platform::VOS":{"version":"0.4005","file":"Module/Build/Platform/VOS.pm"},"Module::Build::Platform::cygwin":{"version":"0.4005","file":"Module/Build/Platform/cygwin.pm"},"Module::Build::Platform::os2":{"version":"0.4005","file":"Module/Build/Platform/os2.pm"},"Module::Build::Platform::RiscOS":{"version":"0.4005","file":"Module/Build/Platform/RiscOS.pm"},"Module::Build::Cookbook":{"version":"0.4005","file":"Module/Build/Cookbook.pm"},"Module::Build::PPMMaker":{"version":"0.4005","file":"Module/Build/PPMMaker.pm"},"Module::Build::ModuleInfo":{"version":"0.4005","file":"Module/Build/ModuleInfo.pm"},"Module::Build::Platform::Amiga":{"version":"0.4005","file":"Module/Build/Platform/Amiga.pm"},"Module::Build::Platform::MacOS":{"version":"0.4005","file":"Module/Build/Platform/MacOS.pm"},"Module::Build::ConfigData":{"file":"Module/Build/ConfigData.pm"}},"target":"Module::Build","version":"0.4005","name":"Module::Build","dist":"Module-Build-0.4005","pathname":"L/LE/LEONT/Module-Build-0.4005.tar.gz"}