{
   "abstract" : "An N-ary tree",
   "author" : [
      "Sean M. Burke <sburke@cpan.org>"
   ],
   "dynamic_config" : 0,
   "generated_by" : "Module::Build version 0.4005, CPAN::Meta::Converter version 2.120921",
   "license" : [
      "artistic_2"
   ],
   "meta-spec" : {
      "url" : "http://search.cpan.org/perldoc?CPAN::Meta::Spec",
      "version" : "2"
   },
   "name" : "Tree-DAG_Node",
   "prereqs" : {
      "build" : {
         "requires" : {
            "Test::More" : "0.98"
         }
      },
      "configure" : {
         "requires" : {
            "Module::Build" : "0.38"
         }
      },
      "runtime" : {
         "requires" : {
            "strict" : "0",
            "warnings" : "0"
         }
      }
   },
   "provides" : {
      "Tree::DAG_Node" : {
         "file" : "lib/Tree/DAG_Node.pm",
         "version" : "1.11"
      }
   },
   "release_status" : "stable",
   "resources" : {
      "license" : [
         "http://www.perlfoundation.org/artistic_license_2_0"
      ]
   },
   "version" : "1.11"
}
