{
   "abstract" : "provides Moose-like method modifiers",
   "author" : [
      "Shawn M Moore, C<sartak@gmail.com>"
   ],
   "dynamic_config" : 0,
   "generated_by" : "Module::Install version 1.06, CPAN::Meta::Converter version 2.120921",
   "license" : [
      "perl_5"
   ],
   "meta-spec" : {
      "url" : "http://search.cpan.org/perldoc?CPAN::Meta::Spec",
      "version" : "2"
   },
   "name" : "Class-Method-Modifiers",
   "no_index" : {
      "directory" : [
         "inc",
         "t"
      ]
   },
   "prereqs" : {
      "build" : {
         "requires" : {
            "ExtUtils::MakeMaker" : "6.59",
            "Test::Fatal" : "0",
            "Test::More" : "0"
         }
      },
      "configure" : {
         "requires" : {
            "ExtUtils::MakeMaker" : "6.59"
         }
      },
      "runtime" : {
         "requires" : {
            "perl" : "5.006"
         }
      }
   },
   "release_status" : "stable",
   "resources" : {
      "homepage" : "https://github.com/karenetheridge/Class-Method-Modifiers/tree",
      "license" : [
         "http://dev.perl.org/licenses/"
      ],
      "repository" : {
         "type" : "git",
         "url" : "git://github.com/karenetheridge/Class-Method-Modifiers.git"
      }
   },
   "version" : "2.04"
}
